Hawker Centre / Coffeeshop,Address,Latitude,Longitude
H23 Eating House,116 Aljunied Ave 2,1.3212494,103.8866968
"117 Aljunied Market & Food
Centre",117 Aljunied Ave 2,1.3206162,103.8869842
Sin Hin Eating House,119 Aljunied Ave 2,1.3200279,103.8868022
Chang Cheng Food & Beverage,119 Aljunied Ave 2,1.3200279,103.8868022
Lian Soon Reality Pte. Ltd,91 Alps Avenue,1.3760127,104.0028648
Yue Hua Food Place Pte. Ltd.,412 Bedok North Ave 2,1.3298365,103.9309174
Lucky 5,416 Bedok North Ave 2,1.3284617,103.9306227
Epic Haus,418 Bedok North Ave 2,1.3281428,103.9299405
"Sri Bistari Changi Village
Famous Ayam Penyet",418 Bedok North Ave 2,1.3281428,103.9299405
333 Coffeeshop,136 Bedok North Ave 3,1.3278899,103.9353277
Happy Hawkers,204 Bedok North St 1,1.3267772,103.9302886
Mr Teh Tarik,204 Bedok North St 1,1.3267772,103.9302886
Pasar 216 Bedok Central,216 Bedok North St 1,1.3272141,103.9331907
Food Loft,217 Bedok North St 1,1.3268697,103.9339311
Chang Long Coffeeshop,122 Bedok North St 2,1.3287484,103.93801
Jin Wei,123 Bedok North St 2,1.3291933,103.9372982
Jin Piao Coffeeshop,123 Bedok North St 2,1.3291933,103.9372982
Bedok 128 Foodhouse,128 Bedok North St 2,1.327608,103.9390701
Mukmin Restaurant,129 Bedok North St 2,1.3275731,103.9380246
Fengshan Centre,85 Bedok North St 4,1.331188,103.9393967
Boon Lee Eating House,86 Bedok North St 4,1.3325797,103.9387935
Big Family,87 Bedok North St 4,1.3326058,103.9385263
Boss Junior,88 Bedok North St 4,1.3327641,103.9394604
"Broadway Food Centre
Holdings","760 Bedok Reservoir
View",1.3365205,103.9352001
Bedok Food Centre,1 Bedok Road,1.3203848,103.9555055
Guo Cheng Fa Xiao Chu,324 Bedok Road,1.3309897,103.9481642
Springleaf,168 Bedok South Ave 3,1.3199096,103.9446594
"Springleaf Eating House Pte.
Ltd.",69 Bedok South Ave 3,1.3194186,103.9434833
Food Park,69 Bedok South Ave 3,1.3194186,103.9434833
Pasar 16 @ Bedok,16 Bedok South Road,1.3205358,103.9355169
18 Brew Coffee Pte Ltd,18 Bedok South Road,1.3178434,103.929504
Mui thiang kee eating house,34 Cassia Crescent,1.309528,103.8844953
Chai Chee 29 Food House,29B Chai Chee Ave,1.3240368,103.9238247
Badaling,36 Chai Chee Ave,1.3253835,103.9254085
37 Food Village Pte Ltd,37 Chai Chee Ave,1.325389,103.9260446
Broadway,510 Chai Chee Lane,1.3296118,103.9182757
Food Hub @ Chai Chee,26A Chai Chee Road,1.3239352,103.9235018
"Lan Kwai Fong Food Hub Private
Limited","51 Changi Business
Park Central 2",1.3351267,103.9652146
Mr Teh Tarik Cartel Pte. Ltd.,"1 Changi Business Park
Crescent",1.3330865,103.9659768
Li Xia Food Court,11 Changi North St 1,1.3508732,103.9694596
Hock Choo Co.,427 Changi Road,1.3190502,103.911645
Al Jasra Restaurant,459 Changi Road,1.3193237,103.9125873
Oasis Coffee House,502 Changi Road,1.3193466,103.9143652
Changi Village,2 Changi Village Road,1.3891275,103.9882367
Changi Village,3 Changi Village Road,1.389646,103.9880772
89.7 Supper House,5 Changi Village Road,1.388509,103.9870326
Yan Bee Restaurant,78 Circuit Road,1.3278896,103.8852219
79 Circuit Road,79 Circuit Road,1.3250242,103.8848967
79A Circuit Road,79A Circuit Road,1.3260192,103.8850354
"80 Circuit Road Market & Food
Centre",80 Circuit Road,1.3278368,103.887115
89 Circuit Road,89 Circuit Road,1.3236672,103.8855345
Jia Yuen Eating House,15 Crane Road,1.312302,103.8988459
Poh Ho Restaurant,7 Crane Road,1.3125132,103.8992804
East Coast Lagoon Food Village,1220 East Coast Park,1.3007842,103.9121866
Alibaba The Hawker Bar,125 East Coast Road,1.3059659,103.904774
Brunners Coffeeshop,228 East Coast Road,1.3075035,103.9076162
"The Original Katong Laksa
Janggut",50 East Coast Road,1.303884,103.9043973
New Leaf Food Paradise,727 East Coast Road,1.3123941,103.9229411
East Coast 936 Food Village,936 East Coast Road,1.3123939,103.9253354
Thye Hua Heng Canteen,29 Eunos Ave 6,1.3212181,103.8957222
Eunos Food Station,2A Eunos Crescent,1.3201696,103.9030255
4A Eunos Crescent,4A Eunos Crescent,1.3202759,103.9041581
Hong Lee Coffeeshop,7 Eunos Crescent,1.3206729,103.9045661
Fu Fa Coffeeshop,7 Eunos Crescent,1.3206729,103.9045661
Taipeng Canteen,30 Eunos Road,1.3194014,103.8961811
Wei Fong Restaurant,26 Eunos Road 2,1.3228842,103.8990691
Le Chasseur Skewer Pte Ltd,27 Eunos Road 2,1.3207462,103.8994484
Kwee Sai Fong Eating House,65 Frankel Ave,1.3156897,103.9189759
Guan Guan Kopitiam,"1015 Geylang East Ave
3",1.3185353,103.8900726
Food Loft,56 Geylang Lor 25A,1.3153595,103.8832398
"Mufiz Restaurant Thai Muslim
Seafood",80 Geylang Lor 25A,1.3159898,103.8833777
Pin Xuan 29 Coffeeshop,2 Geylang Lor 29,1.3139794,103.885944
Tashee Restaurant,452 Geylang Road,1.313293,103.8838098
Tan Toh Tai,456 Geylang Road,1.3133197,103.8838511
27A Eating House Pte Ltd,517 Geylang Road,1.3137131,103.8845442
Sin Wah Hong Pte Ltd,586 Geylang Road,1.3140613,103.8875659
Soon Soon Soon Coffeeshop,652 Geylang Road,1.3143905,103.889587
Keng Wah Sung,781.783 Geylang Road,1.3133306,103.8832876
Alwadi,970 Geylang Road,1.3159526,103.8974522
Mr Teh Tarik Eating House,1 Geylang Serai,1.3166568,103.8981808
Geylang Serai Market,"1 Geylang Serai Street
Market",1.3166568,103.8981808
"Haig Road Market & Cooked
Food Centre",14 Haig Road,1.3153536,103.8951452
"4A Jalan Batu Market & Food
Centre",4A Jalan Batu,1.3024027,103.8839505
S388 Coffee House,42 Jalan Benaan Kapal,1.3013056,103.8791261
Tong Bee Coffee Shop,92 Jalan Senang,1.326373,103.9163758
Joo Chiat Food Centre Pte Ltd,2 Joo Chiat Road,1.315516,103.8988364
Hock Lian Food Centre Pte Ltd,2 Joo Chiat Road,1.315516,103.8988364
Tin Yeang Resturant,300.302 Joo Chiat Road,1.3055539,103.9052416
Mellvin Coffee Shop (Long Ji),354 Joo Chiat Road,1.3084598,103.9030249
"Al Falah Barakah Restaurant Pte
Ltd",365 Joo Chiat Road,1.3083201,103.9032965
Feng Wei,110 Lengkong Tiga,1.3241497,103.9111765
Food Park,2 Lorong Lew Lian,1.3504547,103.8751866
Kopitiam,3 Lorong Lew Lian,1.3505449,103.8761981
Loyang Way Food Village,64 loyang Way,1.383927,103.974311
Yong Hua Can Shi,82 Macpherson Lane,1.3323419,103.8857179
U 1 coffee shop Pte Ltd,83 Macpherson Lane,1.3316105,103.8854889
S388 Coffee House,456 Macpherson Road,1.3319002,103.8822995
Lee Soon Food Court,"80 Marine Parade
Central",1.3023621,103.9078639
Hua Hua Eating House,"81 Marine Parade
Central",1.3025855,103.9070849
"84 Marine Parade Central
(Market & Food Centre)","84 Marine Parade
Central",1.3019622,103.906241
50A Marine Terrace,50A Marine Terrace,1.3057088,103.9157297
Chang Cheng Mee Wah,59 Marine Terrace,1.305798,103.9147262
MT59 Food House,59 Marine Terrace,1.305798,103.9147262
Wilrich Cafe,14 New Industrial Road,1.3426043,103.8859105
Chang Cheng Mee Wah,"211 New Upper Changi
Road",1.3255108,103.931987
25 Brewcoffee Pte Ltd,"25 New Upper Changi
Road",1.3233624,103.9337419
JV 26 Cafe PTE. LTD,"26 New Upper Changi
Road",1.323534,103.9339474
SK Coffee,"56 New Upper Changi
Road",1.3251009,103.9409673
New Changi Eating House,"57 New Upper Changi
Road",1.3243911,103.9415646
New changi eating house,"57 New Upper Changi
Road",1.3243911,103.9415646
The Marketplace @58,"58 New Upper Changi
Road",1.3241373,103.9411492
The Marketplace @58,58 New Upper Changi Road,1.3241373,103.9411492
59 Food Court,"59 New Upper Changi
Road",1.3240573,103.9407132
Food Summons,"59 New Upper Changi
Road",1.3240573,103.9407132
Food summons,"59 New Upper Changi
Road",1.3240573,103.9407132
"Kallang Estate Fresh Market & Food Centre, Kallang Estate
Market",17 Old Airport Road,1.3073665,103.8840416
"Kallang Estate Fresh Market &
Food Centre, Kallang Estate Market",17 Old Airport Road,1.3073665,103.8840416
Choon Guan Coffee Shop,21 Old Airport Road,1.3075314,103.8844719
"51 Old Airport Road Food
Centre & Shopping Mall",51 Old Airport Road,1.308232,103.8858505
51 Old Airport Road Food Centre & Shopping Mall,51 Old Airport Road,1.308232,103.8858505
Dunman Food Centre,271 Onan Road,1.3094261,103.9018482
Wah Sheng Eating House,80 Playfair Road,1.3369291,103.8860053
Manyi Food Garden,82 Playfair Road,1.3372037,103.8853401
Yong Yun,304 Serangoon Ave 2,1.3538702,103.867706
Xiang Yu,237 Serangoon Ave 3,1.3538625,103.8701769
Dignity Kitchen,267 Serangoon Ave 3,1.3531865,103.8709527
Sheng He,326 Serangoon Ave 3,1.3499454,103.8688405
Hai Zhong Bao,204 Serangoon Central,1.352476,103.8732273
La Kopi,"262 Serangoon Central
Drive",1.3534336,103.8724201
Chuan Xiao Chi,"262 Serangoon Central
Drive",1.3534336,103.8724201
Wan Jin,261 Serangoon Drive,1.3100139,103.8540927
Hola cafe,248 Simei St 3,1.3431104,103.9538749
Hola Cafe,248 Simei St 3,1.3431104,103.9538749
Kopitiam,248 Simei St 3,1.3431104,103.9538749
Kim San Leng (Changi),324 T/R Changi Road,1.3182725,103.9085841
Jin Quan Mei Shi Cun,1010 Tai Seng Avenue,1.3377152,103.8906808
Yew Yi Eating House,1024 Tai Seng Avenue,1.3377152,103.8906808
S111 Food Pte Ltd,61 Tai Seng Avenue,1.3390824,103.8877278
Hainan Coffeeshop,28 Tai Seng Street,1.3349729,103.8894387
"Chang Cheng Food & Beverage
Pte. Ltd",802 Tampines Ave 4,1.3460914,103.93801
Yeo Chuan Huat Food Centre,505 Tampines Central 1,1.3554923,103.9451712
Triple Eating House,107 Tampines St 11,1.3483749,103.948072
"Tampines Round Market &
Food Centre",137 Tampines St 11,1.3454824,103.9447584
Ng Thian Hoo,138 Tampines St 11,1.3454615,103.9456244
Chodee Food Holdings Pte Ltd,138 Tampines St 11,1.3454615,103.9456244
Fu Chan,139 Tampines St 11,1.3463903,103.9450451
Wu Fu,164 Tampines St 12,1.3496375,103.9460636
St 21 Eating House,201 Tampines St 21,1.3535783,103.9541004
Chang Cheng Blk 201C,201C Tampines St 21,1.3531596,103.9528539
Chang Cheng  201C,201C Tampines St 21,1.3531596,103.9528539
Afghan,201E Tampines St 21,1.3535783,103.9541004
Keen Wah Coffee Shop,264 Tampines St 21,1.3528703,103.9511336
Jin Biao Coffeeshop,280 Tampines St 22,1.3475189,103.9517418
Kopitiam,11 Tampines St 32,1.3544637,103.9600121
"Chang Cheng Food & Beverage
Pte Ltd",406 Tampines St 41,1.3581418,103.945919
"Chang Cheng Food & Beverage
Pte. Ltd",406 Tampines St 41,1.3581418,103.945919
419 F&B Pte Ltd,419 Tampines St 41,1.3582652,103.9467122
"Wonderful Management Pte
Ltd",445 Tampines St 42,1.3581508,103.9505641
FoodLoft,476 Tampines St 44,1.3609703,103.9533971
Foodloft,476 Tampines St 44,1.3609703,103.9533971
Soon Hong Food House,742A Tampines St 72,1.3601717,103.9342292
Foodpark,823A Tampines St 81,1.348861,103.933336
Choh Dee Place,824 Tampines St 81,1.3492289,103.9322526
Kopi Point,826 Tampines St 81,1.3493374,103.9336591
Tampines west food court,827 Tampines St 81,1.3496824,103.9332236
New Century Food House,828 Tampines St 81,1.3487282,103.9351088
829 food court,829 Tampines St 81,1.3492574,103.9348375
St 82 Coffee House,844 Tampines St 82,1.3521378,103.936536
DE 131 Restaurant,915 Tampines St 91,1.3486079,103.9395057
Gourmandise Eatery,929 Tampines St 91,1.3462877,103.9396514
Great Nanyang Coffeeshop,31 Tampines St 92,1.3398103,103.9430729
9007 kopitiam,9007 Tampines St 93,1.3399559,103.9418321
Kenny eating house,9008 Tampines St 93,1.3399559,103.9418321
Everyday Come Coffee Shop,477 Tampines St 43,1.3610456,103.9525354
Keng Bee Restaurant,"271 Tanjong Katong
Road",1.3071459,103.8956539
Zhong Ping Eating House,"364 Tanjong Katong
Road",1.3030373,103.896666
Fu Fa Coffee Shop,110 Telok Kurau Road,1.3147193,103.9095505
Ubi 301 Food House,301 Ubi Ave 1,1.3307113,103.9020287
ACX Foodcourt,302 Ubi Ave 1,1.3300585,103.9010319
kimdu food place,302 Ubi Ave 1,1.3300585,103.9010319
HKS Old Chun Kee Pte Ltd,304 Ubi Ave 1,1.3295534,103.9015013
Boon Wah Family Restaurant,304 Ubi Ave 1,1.3295534,103.9015013
L32 Pte Ltd,304 Ubi Ave 1,1.3295534,103.9015013
Foodpoint,325 Ubi Ave 1,1.3277008,103.9038411
Ubi 350 Eating House,350 Ubi Ave 1,1.3258861,103.9013037
Royal Dragon Eating House Pte Ltd,51 Ubi Ave 1,1.3257982,103.8978969
"Royal Dragon Eating House Pte
Ltd",51 Ubi Ave 1,1.3257982,103.8978969
67 Ubi Starhub Green,67 Ubi Ave 1,1.3245751,103.8926381
Ubi Place Eating House,3021 Ubi Ave 2,1.3287466,103.8962677
Food Wonderland Pte Ltd,10 Ubi Ave 3,1.330409,103.8907795
Wong Poh Kopitiam,3004 Ubi Ave 3,1.3320983,103.8947172
Ubi 33 Food House,33 Ubi Ave 3,1.3334826,103.8939684
Frontier S&R Eating House,50 Ubi Ave 3,1.3315802,103.8953001
Kopitiam Investment Pte Ltd,10 Ubi Crescent,1.3264632,103.896365
Lee Tian Geok,3014 Ubi Road 1,1.3295826,103.8921797
SF Investment Pte Ltd,3014B Ubi Road 1,1.3295826,103.8921797
Wong Poh Kopitiam,3026 Ubi Road 1,1.3295826,103.8921797
Bing Garden Eating House,3024 Ubi Road 3,1.3304561,103.8980926
Cheong Ah Kiong,1 Ubi View,1.331656,103.8968181
Joo Seng Food Place,1 Upper Aljunied Lane,1.3342108,103.8785373
Lian Bee Restaurant,"375 Upper Aljunied
Road",1.3327193,103.8788712
Lim Bee Restaurant,"375 Upper Aljunied
Road",1.3327193,103.8788712
Soy Eu Tua,"15 Upper East Coast
Road",1.312852,103.925738
Ling Brother Eating House,"101.105 Upper Paya
Lebar Road",1.343063,103.8828648
Golden Gate Eating House,"321 Upper Paya Lebar
Road",1.3449016,103.881621
Suriya Curry House,"536A Upper Serangoon
Road",1.345991,103.8716724
208 Bedok Interchange,"208B New Upper
Changi Road",1.32468,103.9305799
208 Bedok Interchange,208B New Upper Changi Road,1.32468,103.9305799
GHK Canteen,10 Admiralty Street,1.4624441,103.8125315
GHK 75 Food Square,10 Admiralty Street,1.4624441,103.8125315
Li Yuan Eating House,8A Admiralty Street,1.4629971,103.8142723
"NTUC Foodfare Co-Operative
Ltd",308 Anchorvale Road,1.3895352,103.8864008
Kim San Leng,226B Ang Mo Kio Ave 1,1.367338,103.8395759
"Kebun Baru Market & Food
Centre",226D Ang Mo Kio Ave 1,1.3668414,103.8395597
226 Eating House,226F Ang Mo Kio Ave 1,1.3664657,103.8398569
332 Coffee House,332 Ang Mo Kio ave 1,1.3618881,103.8517826
Choice @ 338,338 Ang Mo Kio Ave 1,1.3642681,103.8489073
1080 CFC,1080 Lower Delta Road,1.2806145,103.8238238
Foodpark,339 Ang Mo Kio Ave 1,1.3652101,103.849116
TG 339 Eating House,339 Ang Mo Kio Ave 1,1.3652101,103.849116
Teck Ghee Court,341 Ang Mo Kio Ave 1,1.3709579,103.8486014
GHK 407 Food House,407 Ang Mo Kio Ave 10,1.3710566,103.8485539
408 AMK Eating House,408 Ang Mo Kio Ave 10,1.3710573,103.8485535
Teck Ghee Square,409 Ang Mo Kio Ave 10,1.3710581,103.8485532
Tian Tian Lai Food Place,421 Ang Mo Kio Ave 10,1.371044,103.8485014
Badaling,446 Ang Mo Kio Ave 10,1.3710717,103.8485466
S11 (450 AMK Ave 10),450 Ang Mo Kio Ave 10,1.3710725,103.8485462
"Chong Boon Market & Food
Centre","453A  Ang Mo Kio Ave
10",1.3710731,103.8485459
"Cheng San Market & Cooked
Food Centre",527 Ang Mo Kio Ave 10,1.3710874,103.848539
Five & 9 Food Place,529 Ang Mo Kio Ave 10,1.3710878,103.8485388
S11 (530 AMK Ave 10),530 Ang Mo Kio Ave 10,1.3710879,103.8485387
Happy Hawkers by Koufu,531 Ang Mo Kio Ave 10,1.3710881,103.8485386
Sunday F&B Pte Ltd,532 Ang Mo Kio Ave 10,1.3710883,103.8485385
Frankie's Place,555 Ang Mo Kio Ave 10,1.3710928,103.8485364
Fortune Coffee,122 Ang Mo Kio Ave 3,1.3701872,103.8432629
Lai Yuan,122 Ang Mo Kio Ave 3,1.3701872,103.8432629
Lian Wah Kopitiam,133 Ang Mo Kio Ave 3,1.3711623,103.8426375
Kimly,202 Ang Mo Kio Ave 3,1.370733,103.8487098
AMK 232 Food House,232 Ang Mo Kio Ave 3,1.3707805,103.8486869
St 31 Eating House,347 Ang Mo Kio Ave 3,1.3709677,103.8485967
Amk 347 foodquse,347 Ang Mo Kio Ave 3,1.3709677,103.8485967
Hai Zhong Bao,422 Ang Mo Kio Ave 3,1.3710671,103.8485488
First Coffeeshop,107 Ang Mo Kio Ave 4,1.3714168,103.8372427
Lin Kopi,107 Ang Mo Kio Ave 4,1.3714168,103.8372427
Q Son Group,108 Ang Mo Kio Ave 4,1.3709152,103.8382463
Nature Park,159 Ang Mo Kio Ave 4,1.374789,103.8398767
Mayflower Market,162 Ang Mo Kio Ave 4,1.3740985,103.8389256
628 AMK Market,628 Ang Mo Kio Ave 4,1.380976,103.8407372
Coffee Express 2000,630 Ang Mo Kio Ave 4,1.3803737,103.8408926
Fu Chan,632 Ang Mo Kio Ave 4,1.3711077,103.8485292
7 Stars,151 Ang Mo Kio Ave 5,1.3706494,103.8487502
Coffee Sense,181 Ang Mo Kio Ave 5,1.3768227,103.837143
Sin Hin,7030 Ang Mo Kio Ave 5,1.3717963,103.8477804
724 AMK Market & Food Centre,724 Ang Mo Kio Ave 6,1.3725073,103.8466993
Broadway@727,727 Ang Mo Kio ave 6,1.3726272,103.8461269
Broadway@727,727 Ang Mo Kio Ave 6,1.3726272,103.8461269
Mr Teh Tarik@728,728 Ang Mo Kio Ave 6,1.3727031,103.8456739
Badaling,505 Ang Mo Kio Ave 8,1.3748738,103.8501691
Boardway @ 721,721 Ang Mo Kio Ave 8,1.3722769,103.8479738
Kimly @ 722,722 Ang Mo Kio Ave 8,1.3721902,103.8474878
Chop Hong Lik,"5023 Ang Mo Kio Ind Pk
2",1.3743588,103.8626315
Yi Jia Food Centre,"5036 Ang Mo Kio Ind Pk
2",1.3743588,103.8626315
Kebun Bahru Food Centre,226H Ang Mo Kio St 22,1.3672414,103.8400579
Xiang Gang Jie,158 Ang Mo Ko Ave 4,1.383631,103.849608
Kai Juan,395.397 Balestier Road,1.3264948,103.8463065
411 Market,411 Balestier Road,1.3256739,103.8490281
Kian Lian,558 Balestier Road,1.3267982,103.8448932
Mega Food Court,567 Balestier Road,1.3265025,103.8443315
Teck Seng,588F Balestier Road,1.3270708,103.8433732
51 Kopitam,150 Bishan St 11,1.344518,103.855269
Garuda,150 Bishan St 11,1.344518,103.855269
Home Eatery,150A Bishan St 11,1.3447044,103.8554121
Tooon Food House,151 Bishan St 11,1.3451987,103.8553894
New Century Food House,151 Bishan St 11,1.3451987,103.8553894
S11,504 Bishan St 11,1.3493053,103.8484802
KF78PteLtd,112 Bishan St 12,1.3465171,103.8486261
BS120 Makan Hub,120 Bishan St 12,1.3473048,103.8508603
Kim San Leng,511 Bishan St 13,1.3492574,103.8499541
Bishan Cafeteria Pte ltd,514 Bishan St 13,1.3504486,103.8494572
Food Face Pte Ltd,514A Bishan St 13,1.3500166,103.850291
Jakopi,284 Bishan St 22,1.3587998,103.8445005
KPT,284 Bishan St 22,1.3587998,103.8445005
Jakopi,280 Bishan St 24,1.3575473,103.8443152
Kimly,280 Bishan St 24,1.3575473,103.8443152
982 Buangkok Crescent,982 Buangkok Crescent,1.3808567,103.8792847
Tekka Market & Food Centre,665 Buffalo Road,1.3063839,103.8507014
Kopitiam,273 Bukit Batok Ave 4,1.3483656,103.7576156
Food Paradise,21 Bukit Batok Central,1.350151,103.7475504
Happy Hawkers,632 Bukit Batok Central,1.3495284,103.7504166
S11,640 Bukit Batok Central,1.3492996,103.7516293
Wcega,1 Bukit Batok Crescent,1.3386674,103.7592394
Beng Lock Eating House,"51 Bukit Batok
Crescent",1.3374333,103.7573384
Kopitiam,"279 Bukit Batok East
Ave 3",1.3481043,103.7576425
Tong Lai Eating House,"283 Bukit Batok East
Ave 3",1.3472903,103.7574769
Hao Kou Wei,"271 Bukit Batok East
Ave 4",1.3482544,103.7585861
Hao Kou Wei,"272 Bukit Batok East
Ave 4",1.3488602,103.7576777
Badaling,"233 Bukit Batok East
Ave 5",1.34725,103.7494584
Coffee & Tea,150 Bukit Batok St 11,1.3473029,103.7439677
Kimly,150 Bukit Batok St 11,1.3473029,103.7439677
Broadway,155 Bukit Batok St 11,1.3480058,103.743638
Yong Heng Mian Jia Can Guan,155 Bukit Batok St 11,1.3480058,103.743638
Foodpark,207 Bukit Batok St 21,1.3462541,103.7493629
Wan Hao Kopitiam,217 Bukit Batok St 21,1.3467948,103.7545806
BB 289 Food House,289H Bukit Batok St 25,1.344546,103.7599193
Meng Soon Huat Food Centre,359 Bukit Batok St 31,1.3613129,103.7512281
CCMW-373,373 Bukit Batok St 31,1.3584199,103.7510018
Air Pasang,374 Bukit Batok St 31,1.3581629,103.7507487
Hong Kah Food Place,376 Bukit Batok St 31,1.3586083,103.7497072
Seven Stars,323 Bukit Batok St 33,1.3611836,103.748241
CCMW-324,324 Bukit Batok St 33,1.3621462,103.7472321
Food Clique (by Kimly Food),347 Bukit Batok St 34,1.3622159,103.7509883
Abundance Eating House,"413 Bukit Batok West
Ave 4",1.3635376,103.7467021
Eight Ways,"395A Bukit Batok West
Ave 5",1.3656697,103.7518165
Chang Cheng Mee Wah,"109 Bukit Batok West
Ave 6",1.3470408,103.7461153
Orang Orang (F&B) P_L,"134 Bukit Batok West
Ave 6",1.351599,103.744443
ST 18 Coffee House,"177 Bukit Batok West
Ave 8",1.3463485,103.7417238
Rail Yard Eating Place,"1003 Bukit Merah
Central",1.2836747,103.8162114
Chang Long,"161 Bukit Merah
Central",1.2832655,103.8157421
ACX Food Court,"164 Bukit Merah
Central",1.2834394,103.8164317
Garden Food Village,"165 Bukit Merah
Central",1.2830531,103.8165074
Alexandra Village Food Centre,120 Bukit Merah Lane 1,1.2864182,103.8045552
Xiang Gang Jie Zhen Ji,125 Bukit Merah Lane 1,1.2855875,103.8027924
KPT,127 Bukit Merah Lane 1,1.2853626,103.8034295
Bukit Merah View Food Centre,115 Bukit Merah View,1.2854816,103.8218978
Kim San Leng,116 Bukit Merah View,1.2851531,103.821393
Yi Jia Food House,109 Bukit Purmei Road,1.2739482,103.8252941
Wan De Fu,112 Bukit Purmei Road,1.2745295,103.8259281
Pek Kio Market & Food Centre,41A Cambridge Road,1.316263,103.849928
Food Park,43 Cambridge Road,1.3155986,103.8492555
Fu Chan,505 Canberra Link,1.4502688,103.8228497
243 Coffeeshop,243 Cantonment Road,1.27474,103.841305
216 Coffee Shop,"214.216 Choa Chu Kang
Ave 1",1.3767043,103.7449625
85  Cafe,"253 Choa Chu Kang Ave
1",1.3774405,103.744394
Berjaya Eating House,"253 Choa Chu Kang Ave
1",1.3774405,103.744394
Chuang Xin Mei Shi,"253 Choa Chu Kang Ave
1",1.3774405,103.744394
Meng Huat,"253 Choa Chu Kang Ave
1",1.3774405,103.744394
Frankie's Place,"302 Choa Chu Kang Ave
4",1.3780146,103.7382963
Sin Tong Hong Eating House,"429A Choa Chu Kang
Ave 4",1.3780146,103.7382963
Broadway@668A,"668A Choa Chu Kang
Crescent",1.401565,103.750234
NTUC Food Fare@673B,"673B Choa Chu Kang
Crescent",1.4009739,103.7478177
Jia Yuan V6 Food Court@678A,"678A Choa Chu Kang
Crescent",1.4019804,103.7448352
S11@787B,"787B Choa Chu Kang
Drive",1.3951561,103.7477858
Newton Food Centre,"500 Clemenceau Ave
North",1.3119097,103.8393033
Newton Food Centre,500 Clemenceau Ave North,1.3119097,103.8393033
KopiWu,420A Clementi Ave 1,1.309514,103.768408
Five Blessings Food Hall,328 Clementi Ave 2,1.3139144,103.7670701
Meetup@352,352 Clementi Ave 2,1.3146209,103.7715967
Clementi Ave 2 Market,353 Clementi Ave 2,1.314399,103.770821
Food Loft,431 Clementi Ave 3,1.3135803,103.7631226
Bgain,442 Clementi Ave 3,1.3140544,103.7644163
Food Pavillion,443 Clementi Ave 3,1.3141513,103.7639921
"Clementi 448 Market & Food
Centre",448 Clementi Ave 3,1.3133068,103.76449
Badaling,449 Clementi Ave 3,1.3134143,103.7648974
Kopitiam,450 Clementi Ave 3,1.3135577,103.7654405
Just Green,450 Clementi Ave 3,1.3135577,103.7654405
Badaling,325 Clementi Ave 5,1.3151734,103.7668022
Kimly,325 Clementi Ave 5,1.3151734,103.7668022
Clementi 881,345 Clementi Ave 5,1.3176612,103.7692645
Rich F&B,378 Clementi Ave 5,1.3175685,103.7674178
Tiang Seng Eating House,380 Clementi Ave 5,1.3183348,103.7674928
Manis Cafeteria Pte Ltd,2 Clementi Loop,1.3270144,103.7626389
Li Li Xiang,1 Clover Way,1.3503378,103.8429877
Jakopi,11 Clover Way,1.35017,103.84325
Canopy Coffee Club,1J Cluny Road,1.317071,103.8180981
Commonwealth Crescent Mkt,"31 Commonwealth
Crescent",1.306959,103.8003444
FoodMore,115B Commonwealth Drive,1.304547,103.7981889
Sin Kee Heong,"117 Commonwealth
Drive",1.3065929,103.8003184
Tanglin Halt Food Centre,"1A-2A-3A
Commonwealth Drive",1.3000361,103.7972929
Beng Sin,"46-1 Commonwealth
Drive",1.3000361,103.7972929
Everton Food Place,7 Everton Park,1.2771239,103.8393785
Kopitiam Investment Pte Ltd,437 Fernvale Road,1.3926519,103.8761231
Yuan Hua Ka Fei Shi,9 Hoe Chiang Road,1.2739768,103.8425185
One Nanyang Food Court,31 Holland Close,1.3070782,103.7967044
Tian Tian Lai Coffee,6 Holland Close,1.3071143,103.7954772
Chang Cheng Mee Wah,40 Holland Drive,1.3071989,103.7934398
HL 43 Food House,43 Holland Drive,1.3076695,103.792542
Holland Dr Mkt & Food Centre,44 Holland Drive,1.3080952,103.7928012
Swallow Restaurant,46 Holland Drive,1.3088172,103.7927834
Broadway,682 Hougang Ave 4,1.3740792,103.8855366
Fu Ji,682 Hougang Ave 4,1.3740792,103.8855366
Tai Wah Chok Kee,435A Hougang Ave 8,1.3778718,103.894049
Harvest Taste,631 Hougang Ave 8,1.3714542,103.8817474
"Broadway Food Centre
(Holdings) Pte Ltd",644 Hougang Ave 8,1.3713791,103.8816682
Yi Huat Cafe,681 Hougang Ave 8,1.3727416,103.8859111
Bgain 681,681 Hougang Ave 8,1.3727416,103.8859111
Kimly,684 Hougang Ave 8,1.3742687,103.8866118
Ci Yuan Hawker Centre,51 Hougang Ave 9,1.375294,103.8829476
21 Food Loft Pte Ltd,21 Hougang St 51,1.3798065,103.888194
Fu Fa Food Court Pte Ltd,21 Hougang St 51,1.3798065,103.888194
"Hougang Green Food Court Pte
Ltd",21 Hougang St 51,1.3798065,103.888194
Hoy Fatt,28 Hoy Fatt Road,1.2866122,103.8101152
9 Plus Cafe,"1001A Jalan Bukit
Merah",1.2849449,103.8128347
107 Hong Cheng Pte Ltd,107 Jalan Bukit Merah,1.2798711,103.8247968
Sin Kee,107 Jalan Bukit Merah,1.2798711,103.8247968
"Blk 112 Jalan Bukit Merah
Market And Food Centre",112 Jalan Bukit Merah,1.2800033,103.8260044
Fu Zhu 132 Coffee Shop,132 Jalan Bukit Merah,1.2788219,103.8282983
TMG Coffee Shop,146 Jalan Bukit Merah,1.2776898,103.8309256
Five Blessings Food Centre,2 Jalan Bukit Merah,1.2866982,103.8068191
"ABC Brickworks Market Food
Centre",6 Jalan Bukit Merah,1.287259,103.8079014
ABC Brickworks Market Food Centre,6 Jalan Bukit Merah,1.287259,103.8079014
Fu Chan F&B Group Pte Ltd,447A Jalan Kayu,1.3922214,103.872506
Happy Hawkers,18 Jalan Membina,1.2853947,103.8267269
Kimly,26 Jalan Membina,1.2830915,103.8256746
Food Loft,26 Jalan Membina,1.2830915,103.8256746
Dong Dong Food Express,37 Jalan Rumah Tinggi,1.2892479,103.8091786
Seletar Corner,2 Jalan Selaseh,1.3862868,103.8734613
"Rasa Rasa Food Fiesta
Restauran",160A Jalan Teck Whye,1.3803814,103.7572992
Yuhua Market & Hawker Centre,347 Jurong East Ave 1,1.3454614,103.7315889
Kai Xiang Food Centre,349 Jurong East Ave 1,1.3445026,103.7314961
Padi Emas,214 Jurong East St 21,1.3392288,103.7390607
Choice (215),215 Jurong East St 21,1.3399492,103.7385198
Jin Biao Coffeeshop,221 Jurong East St 21,1.3407783,103.7370342
Alman Cafe,235 Jurong East St 21,1.3399858,103.742165
252 Food Court,252 Jurong East St 24,1.3430278,103.7384801
"Yuhua Village Market & Food
Centre",254 Jurong East St 24,1.3436236,103.7376889
PDSS 318 Food Cafeteria,318 Jurong East St 31,1.3475271,103.7305599
Kimly,346 Jurong East St 31,1.3454671,103.7305934
Kimly,303 Jurong East St 32,1.3447742,103.7357369
Bgain 130 Eating House,"130 Jurong Gateway
Road",1.3347515,103.739295
Happy Hawker by KOUFU,"132 Jurong Gateway
Road",1.3342408,103.7396865
FoodClique by KIMLY,"132 Jurong Gateway
Road",1.3342408,103.7396865
Fu Chan,"134 Jurong Gateway
Road",1.3343523,103.7386018
Hou Kou Wei Kopitiam,442 Jurong West Ave 1,1.351535,103.7195532
Fu Chan,491 Jurong West Ave 1,1.3495926,103.7265708
503 Food Court,503 Jurong West Ave 1,1.3500085,103.717924
276 Cafe,276 Jurong West St 25,1.3532224,103.7035723
Mr Teh Tarik Eating House,456 Jurong West St 41,1.3506229,103.7200715
Li Fa Xing,496 Jurong West St 41,1.3500116,103.7237612
Coffee United,496 Jurong West St 41,1.3500116,103.7237612
7 Stars,498 Jurong West St 41,1.348725,103.7245304
Chang Cheng Mee Wah,498 Jurong West St 41,1.348725,103.7245304
Badaling,526 Jurong West St 52,1.3476866,103.7170556
The Young One Coffee House,546 Jurong West St 42,1.3527416,103.7152415
JJ Eating House,557 Jurong West St 42,1.3539985,103.7185563
Kimly,501 Jurong West St 51,1.3500718,103.719164
JW 504 F&B,504 Jurong West St 51,1.3495929,103.718993
505 Jurong West St 52,505 Jurong West St 52,1.3496752,103.7184143
Ayza's Restaurant,508 Jurong West St 52,1.348679,103.7186853
Jurong West Hawker Centre,50 Jurong West St 61,1.3412561,103.6974152
Badaling,851 Jurong West St 81,1.3467844,103.6921188
J907 Coffee Station,907 Jurong West St 91,1.3410729,103.6859669
NTI Food Court,964 Jurong West St 91,1.3420226,103.6926484
NTI Food Court-1,964 Jurong West St 91,1.3420226,103.6926484
Best Coffee Pte Ltd,959 Jurong West St 92,1.3415846,103.690471
Kimly,346A Kang Ching Road,1.3401004,103.7201717
HLY Eating House,7 Keppel Road,1.2719183,103.8425142
Keng Loke Ng Eating House,7 Keppel Road,1.2719183,103.8425142
Nijam Briyani Pte Ltd,7 Keppel Road,1.2719183,103.8425142
Ann's Gourmet Place,7 Keppel Road,1.2719183,103.8425142
S11,117 Killiney Road,1.2978752,103.8386765
Po Si Tan Eating House,194 Kim Keat Ave,1.330963,103.8581751
Ji Li Eating House,259 Kranji Road,1.4361438,103.7537349
"Chop See Mui Eating
House@261",261 Kranji Road,1.436302,103.7539032
Yi Jia Food Centre@263,263 Kranji Road,1.4362887,103.7542918
Tiang Xian F&B,55 Lengkok Bahru,1.2875387,103.8135205
Passion Cafe,10 Lim Teck Kim Road,1.273668,103.8424811
"Holland Village Mkt & Food
Centre",1 Lorong Mambong,1.311087,103.7949113
Chuan Kee,"1091A Lower Delta
Road",1.2806145,103.8238238
Lucky Star Eating House,211 Marsiling Crescent,1.4459477,103.7736827
Nan Yang Wang LLP,"10 Marsiling Industrial
Estate Road 1",1.4409169,103.781266
Broadway,19 Marsiling Lane,1.4436697,103.7774816
Teo Chap Bee Eating House,19 Marsiling Lane,1.4436697,103.7774816
"Marsiling Lane Market &
Cooked Food Centre",20.21 Marsiling Lane,1.4450726,103.775801
131 Food House,131 Marsiling Rise,1.4384759,103.7785906
Chang Cheng Mee Wah,136 Marsiling Road,1.4385603,103.77773
Mei Chin Road Market,159 Mei Chin Road,1.2932672,103.8028827
The Young Ones Eating House,158 Mei Ling Street,1.2927138,103.8025174
Henly Huat Drinks Food Court,120.122 Neil Road,1.2780473,103.8405167
Low Yong Lee Eating House,167 Neil Road,1.2770725,103.8371027
Lucky Food Centre,304 Orchard Road,1.3045795,103.8340621
ST Beverage,44 Owen Road,1.3154906,103.8503539
Bgain 46 Eating House,46 Owen Road,1.3151453,103.8508062
Jia Fu Fang,80 Redhill Lane,1.287945,103.8187603
Redhill Lane Food Centre,85 Redhill Lane,1.2874028,103.8182751
Chang Cheng Mee Wah,75D Redhill Road,1.2884325,103.8155337
Peck Hoon Teng Eating House,219 River Valley Road,1.2936321,103.8424058
AFE Delights,223 River Valley Road,1.293732,103.8423337
Seah Im Food Centre,2 Seah Im Road,1.2666148,103.8190924
77 Foodcourt,211.213 Selegie Road,1.3030725,103.850061
Broadway,"334A Sembawang
Close",1.4480236,103.816363
313 KPT,313A Sembawang Drive,1.4442961,103.8209574
Happy Hawkers,406A Sembawang Drive,1.4523858,103.817416
463 Bgain,463 Sembawang Drive,1.4553628,103.8147193
1036 Seafood,1036 Sembawang Road,1.4324734,103.8267034
Wong Chiew Eating House,"19.21 Sembawang
Road",1.4324734,103.8267034
33 Sembawang Eating  House,33 Sembawang Road,1.4039494,103.8176865
Tiong Bahru Market,30 Seng Poh Road,1.2851311,103.8324041
Chai  Choon Hwong,71 Seng Poh Road,1.2842086,103.832279
Koufu Pte Ltd,"433A Sengkang West
Way",1.3948466,103.8774952
Juz Eat,11 Senoko Way,1.4657877,103.812011
Min Lock Eating House,22 Senoko Loop,1.4585139,103.7991988
Meilim Eating House,"546A Serangoon North
Ave 3",1.3702873,103.8716201
Choon Heng's Place,"50 Serangoon North
Ave 4",1.3756361,103.8762494
KPT SN Ave4,"504A Serangoon North
Ave 4",1.3737756,103.8755933
FM Food Master,"19 Serangoon North
Ave 5",1.3757619,103.8717188
Shunfu Mart (Food Centre),320 Shunfu Road,1.35198,103.8371171
Nan Xuan He Ji Can Shi,148 Silat Avenue,1.2769646,103.8309057
Jiang Nan (Kola)Seafood Centre,36 Sin Ming Drive,1.358747,103.837157
Foodpark,39 Sin Ming Drive,1.3614334,103.838388
The Canteen,18 Sin Ming Lane,1.357889,103.8338657
7 Stars,22 Sin Ming Road,1.3569974,103.8391718
Huo Shi Jie,22 Sin Ming Road,1.3569974,103.8391718
Wan Hao Delicacies,22 Sin Ming Road,1.3569974,103.8391718
22 Bgain Eating House,22 Sin Ming Road,1.3569974,103.8391718
Sin Ming 23 Coffeeshop,23 Sin Ming Road,1.3543011,103.8358007
Jin Fa Restaurant Pte Ltd,24 Sin Ming Road,1.3550283,103.8361598
STL 169 Eating House,169 Stirling Road,1.2904733,103.8030258
Food Haven @ Stirling,503 Stirling Road,1.2967282,103.8006922
New Family Food Court@55,55 Sungei Kadut St 1,1.4218937,103.7500743
Happy Garden,134 Tagore Lane,1.3858264,103.8292566
Happy Kampong Seafood,164 Tagore Lane,1.3861053,103.8302809
Hao Food Court (9@Tagore),9 Tagore Lane,1.3840046,103.8260536
"Tanglin Halt Market & Food
Centre",48A Tanglin Halt,1.3009859,103.7980608
Guan Kim Restaurant,47 Tanglin Halt Road,1.3007163,103.7981258
"Blk 6 Tanjong Pagar Plaza
Market And Food Centre",6 Tanjong Pagar Plaza,1.2766945,103.8431415
Melben Signature,7 Tanjong Pagar Plaza,1.2771281,103.8432624
Long Heng Snack Bar,138 Teck Whye Lane,1.38033,103.7524518
Coffee United (143 Teck Whye),143 Teck Whye Lane,1.3805931,103.7528691
Chin Bee F&B,143 Teck Whye Lane,1.3805931,103.7528691
Fu Chan,145 Teck Whye Lane,1.3814701,103.7523928
GHK,145 Teck Whye Lane,1.3814701,103.7523928
Tong Wah Restaurant,16 Teck Whye Lane,1.3787335,103.7551205
"Bgain 10 Old Street Coffee
House","10 Telok Blangah
Crescent",1.2778529,103.8197695
"11 Telok Blangah Crescent
Market","11 Telok Blangah
Crescent",1.277457,103.8186374
11 Telok Blangah Crescent Market,11 Telok Blangah Crescent,1.277457,103.8186374
Chang Cheng Mee Wah,12 Telok Blangah Crescent,1.2772357,103.8195287
Chang Cheng Mee Wah,"12 Telok Blangah
Crescent",1.2772357,103.8195287
Telok Blangah Rise Market,36 Telok Blangah Rise,1.2723482,103.8217325
Sin Mee Eating House,1 Thomson Road,1.3253453,103.84232
151 Rocovo Restaurant,151 Thomson Road,1.3180716,103.8439388
Bee Hwa Yun,177 Toa Payoh Central,1.3339182,103.8490452
J22 Eating House,177 Toa Payoh Central,1.3339182,103.8490452
183 Food Court,183 Toa Payoh Central,1.3333603,103.8488455
Super 28 Coffeeshop,184 Toa Payoh Central,1.3323236,103.8496386
J99 Eating House,186 Toa Payoh Central,1.3327469,103.8502259
Jef Family,78C Toa Payoh Central,1.3344639,103.8499427
Wang Nan Yang,"1002 Toa Payoh
Industrial Park",1.335942,103.861019
Chang Cheng,111 Toa Payoh Lor 1,1.3412408,103.8454959
Lek Chew Restaurant,124 Toa Payoh Lor 1,1.3387109,103.8449407
Hong Hu Food House,125 Toa Payoh Lor 1,1.3383213,103.8458101
Chang Cheng Mee Wah,126 Toa Payoh Lor 1,1.3381702,103.8450858
"Toa Payoh Lor 1 Market & Food
Center",127 Toa Payoh Lor 1,1.338036,103.8447232
128 Choices Eating House,128 Toa Payoh Lor 1,1.3379959,103.8444058
Kim Seng Eating House,168 Toa Payoh Lor 1,1.3319248,103.8434952
Hua Fong Kee Food Court,116 Toa Payoh Lor 2,1.3404772,103.8457645
Yong Liang Food Centre,66 Toa Payoh Lor 4,1.3350002,103.8514489
Chai Hock Eating House,73 Toa Payoh Lor 4,1.3343179,103.8517206
Sin Teck Huat Eating House,73 Toa Payoh Lor 4,1.3343179,103.8517206
Toa Payoh Vista Market,74 Toa Payoh Lor 4,1.3344784,103.8519727
85 Coffee Shop,85C Toa Payoh Lor 4,1.3363688,103.8474016
"93 Lor 4 Toa Payoh Market &
Food Centre",93 Toa Payoh Lor 4,1.3387106,103.8494475
Yi Hao,94 Toa Payoh Lor 4,1.3388453,103.8501391
8 Plus Food House,95 Toa Payoh Lor 4,1.3388478,103.8490256
75 Toa Payoh Food Centre,75 Toa Payoh Lor 5,1.3360261,103.8529651
Nghee Huat Eating House,51 Toa Payoh Lor 6,1.3378054,103.8522623
Prime court,18 Toa Payoh Lor 7,1.3358021,103.8567256
19 Brew Coffeeshop Pte Ltd,19 Toa Payoh Lor 7,1.335236,103.8565218
Ee Hoe Eating House,20 Toa Payoh Lor 7,1.3349068,103.8571168
Fu Chan,21 Toa Payoh Lor 7,1.3354857,103.8574438
"Kim Keat Palm Market & Food
Centre",22 Toa Payoh Lor 7,1.3354642,103.8570169
Teck Wah,8 Toa Payoh Lor 7,1.3378546,103.8567318
Soon Huat Food Centre,233 Toa Payoh Lor 8,1.3382932,103.8584818
Choice@203,203 Toa Payoh North,1.3422279,103.8488671
Hai Fong,203 Toa Payoh North,1.3422279,103.8488671
206 Management Food Court,206 Toa Payoh North,1.342248,103.8465571
Epic Haus,267A Toh Guan Road,1.3415854,103.7449369
Toh Guan Food & Drinks Centre,282A Toh Guan Road,1.3403313,103.7468209
Broadway,286E Toh Guan Road,1.339224,103.7451634
Sin Hin,44 Toh Guan Road East,1.3373408,103.7527568
Food Hub,48 Toh Guan Road East,1.3364974,103.7536917
S24 Cafe,7 Toh Guan Road East,1.3371067,103.7516359
Red House,"236 Upper Thomson
Road",1.3530313,103.8349146
Sin Hing Restaurant,"244 Upper Thomson
Road",1.353359,103.834645
Sembawang Hill Food Centre,"590 Upper Thomson
Road",1.3724099,103.8289874
Al Malik@30,30 Woodlands Ave 1,1.4292977,103.7811477
Huo Shi Xuan,354A Woodlands Ave 1,1.432856,103.7851326
Fairview Food Court,371A Woodlands Ave 1,1.432874,103.7864419
7 Stars,570A Woodlands Ave 1,1.4307426,103.7907913
KPT,515A Woodlands Dr 14,1.4341964,103.7900669
Bai Sheng Food Court,888 Woodlands Dr 50,1.4374837,103.7951575
Wan Shun Foodcourt Pte Ltd,888 Woodlands Dr 50,1.4374837,103.7951575
Wu Fu Pte Ltd,892C Woodlands Dr 50,1.4368239,103.789462
688  Eating House,688 Woodlands Dr 75,1.4435969,103.8075024
Gourmet Street-27,"27 Woodlands Ind Park
E1",1.4551799,103.79799
EML Eating House-27,"27 Woodlands Ind Park
E1",1.4551799,103.79799
Gold 186 Foodcourt,"186 Woodlands Ind
Park E5",1.4510609,103.7932361
Soon Hong Eating House -17,17 Woodlands Link,1.45133,103.8089925
S-11 F&B Holdings Pte Ltd,"630A Woodlands Ring
Road",1.4351555,103.8012046
Badaling-27,27 Woodlands Sector 1,1.454745,103.80461
Badaling,27 Woodlands Sector 1,1.454745,103.80461
167 Woodlands St 13,167 Woodlands St 11,1.4332202,103.7757872
Yummy,111 Woodlands St 13,1.4379153,103.7820991
Chang Cheng,166 Woodlands St 13,1.4336992,103.7753992
302 Woodlands St 11,302 Woodlands St 31,1.4318415,103.7744066
304 Woodlands St 11-1,304 Woodlands St 31,1.4299343,103.7737937
325 F&B Pte Ltd@325,325 Woodlands St 32,1.430751,103.7794043
326 Coffee Shop @326,326 Woodlands St 32,1.4305763,103.7798812
Fair Inn Food Place,806 Woodlands St 81,1.4414125,103.786681
Kirk's Kopitiam,883 Woodlands St 82,1.4427059,103.7906912
Broadway,883 Woodlands St 82,1.4427059,103.7906912
Broadway-883,883 Woodlands St 82,1.4427059,103.7906912
834 Eating House,834 Woodlands St 83,1.4400886,103.7910768
Kim San Leng,417 Yishun Ave 11,1.4237802,103.8473664
418 Coffee Station,418 Yishun Ave 11,1.4247271,103.8470988
31 Coffee Shop,769 Yishun Ave 3,1.4246523,103.8332461
94 Eating House,654 Yishun Ave 4,1.4230559,103.8405062
31 Eating House,664 Yishun Ave 4,1.4202074,103.8406061
Swee Sian Yuan Eating House,101 Yishun Ave 5,1.430447,103.8308862
Yummy 101,101 Yishun Ave 5,1.430447,103.8308862
Kimly CS 101,101 Yishun Ave 5,1.430447,103.8308862
Fu Chan F&B Group,101 Yishun Ave 5,1.430447,103.8308862
KopiWu,732 Yishun Ave 5,1.430447,103.8308862
Yun Huon Eating House,285 Yishun Ave 6,1.440065,103.839332
Henly Huat,171 Yishun Ave 7,1.4384951,103.8332015
Yishun 81 Food Court,925 Yishun Central 1,1.4278026,103.8372267
Huat Li Eating House,1001 Yishun Ind Pk A,1.4427214,103.8350816
"Chong Pang Market & Food
Centre","104.105 Yishun Ring
Road",1.4260651,103.8321027
You & I,110 Yishun Ring Road,1.4336611,103.8292839
Happy Hawkers,256 Yishun Ring Road,1.4340714,103.839965
Broadway,414 Yishun Ring Road,1.4247207,103.8467951
Food Lane,618 Yishun Ring Road,1.4187494,103.8356018
Kopi @780,780 Yishun Ring Road,1.422166,103.8328151
Sin Lian Huat Coffee Shop,795A Yishun Ring Road,1.4196955,103.8328778
Cafe 807,807 Yishun Ring Road,1.4167114,103.8315512
Mr Teh Tarik,846 Yishun Ring Road,1.4167918,103.8345779
Kopi YS 846,846 Yishun Ring Road,1.4167918,103.8345779
123 Eating House,123 Yishun St 11,1.4345644,103.8317571
156 Eating House,156 Yishun St 11,1.4319472,103.8336268
Choh Dee Place,233 Yishun St 21,1.4347877,103.8382376
Bgain 293 Eating House,293 Yishun St 22,1.4363967,103.8379745
S24 Kopitiam,293 Yishun St 22,1.4363967,103.8379745
Silver Spoon,293 Yishun St 22,1.4363967,103.8379745
Eng Kopitiam,605 Yishun St 61,1.4217507,103.8363318
777 Eating House,630 Yishun St 61,1.4178936,103.8377021
Food Xchange,632 Yishun St 61,1.4183789,103.8388309
GHK 645 Coffee Shop,645 Yishun St 61,1.4219089,103.8382022
S11,744 Yishun ST 72,1.4293763,103.8340797
Hiap Hoe Eating House,747 Yishun St 72,1.4282316,103.8335088
U-Lai,761 Yishun St 72,1.4251259,103.8332645
Broadway,848 Yishun St 81,1.4162387,103.8350761
Huang Restaurant,848 Yishun St 81,1.4162387,103.8350761
KPT,848 Yishun St 81,1.4162387,103.8350761
Best Cafe,291 Yishun St.22,1.4363208,103.8367682
"Taman Jurong Market & Food
Centre",3 Yung Sheng Road,1.3347853,103.7215856
Taman Jurong Market & Food Centre,3 Yung Sheng Road,1.3347853,103.7215856
Zion Riverside Food Centre,70 Zion Road,1.2924228,103.831192
Our Tampines Hub,1 Tampines Walk,1.3527822,103.9396258
Bukit Panjang Hawker Centre,"259 Bukit Panjang Ring
Rd",1.3773085,103.7730453
Kopitiam,205 Bedok North St 1,1.3260089,103.9309399
"Geylang East Sin Hin Food
Centre","121 Geylang East
Central",1.3178304,103.8855327
Luh Yuan Restaurant,1A Eunos Crescent,1.3213043,103.9029961
Kampung Admiralty,"676 Woodlands Drive
71",1.4348827,103.7876074
Moonstone Partners Pte Ltd,111 Jalan Bukit Merah,1.280351,103.8261097
T & Teas (CC) Pte Ltd,608 Ang Mo Kio Ave 5,1.3787451,103.8369103
S-11 F&B Holdings Pte Ltd,711 Ang Mo Kio Ave 8,1.3714442,103.8479386
25 Cafe,467 Geylang Road,1.3135517,103.8829902
Food Farm,116 Bukit Merah View,1.2851531,103.821393
Lim Kopi Seafood House,609 Geylang Road,1.3141913,103.8869823
LG Caffe House,7 Keppel Road,1.2719183,103.8425142
S388 Coffee House,458 Macpherson Road,1.3318982,103.8824742
Sin Fong Restaurant,560 Macpherson Road,1.332581,103.8852188
(Food Loft),476 Tampines St 44,1.3609703,103.9533971
Golden 88 Cafeteria,"107.111 Upper Paya
Lebar Road",1.343063,103.8828648
Jiale Kopitiam Pte Ltd,"131 Upper Paya Lebar
Road",1.3386436,103.8862459
La Kopi,262 Serangoon Central Drive,1.3534336,103.8724201
Mui Thiang Kee Eating House,34 Cassia Crescent,1.309528,103.8844953
KDS Indian Muslim Food,150 Bukit Batok St 11,1.3473029,103.7439677
"Bukit Merah Central Food
Centre","163 Bukit Merah
Central",1.2836678,103.8165508
"NTUC Foodfare Co-Operative
Ltd","679 Jurong West
Central 1",1.3446922,103.706023
"NTUC Foodfare Co-Operative
Ltd",878C Tampines Ave 8,1.3512098,103.9294742
Wang Wu Fu@603,603 Ang Mo Kio Ave 5,1.3802994,103.8357338
Chuang Xin Mei Shi,253 Choa Chu Kang Ave 1,1.3774405,103.744394
Heng Heng Eating House,506 Bukit Batok St 52,1.3522839,103.754577
Whampoa Food Centre,90 Whampoa Drive,1.3230663,103.8550175
Whampoa Market,91 Whampoa Drive,1.3234136,103.8540837
Thia Boon Chai,74 Whampoa Drive,1.3247979,103.8578334
Guan Shuzhen,81 Whampoa Drive,1.3243333,103.856729
"New Century Food Place @ 86
Pte. Ltd.",86 Whampoa Drive,1.3232246,103.8559283
Chow Keng Fook,87 Whampoa Drive,1.3233035,103.8557145
Wong Poh Holdings Pte Ltd,111A Whampoa Road,1.3265819,103.8561487
Fayidha Restaurant Pte Ltd,26 Kim Keat Road,1.3242947,103.8530675
Chen Teck Chwan,56 Kim Keat Road,1.3252619,103.8538097
"Bendemeer Market & Food
Centre",29 Bendemeer Road,1.3191929,103.863132
Grand City Coffee Shop Pte Ltd,27 Bendemeer Road,1.3188581,103.8629719
City Foodcourt Pte Ltd,27 Bendemeer Road,1.3188581,103.8629719
"Hoe Seng F&B Enterprise Pte
Ltd",44 Bendemeer Road,1.3222207,103.866576
Choice Culinary Pte Ltd,3 St George's Road,1.3227349,103.8611707
Kallang Way Food Place Pte Ltd,155 Kallang Way,1.3220008,103.8759011
Sf Investment Holding Pte Ltd,10 Lorong Bakar Batu,1.3269908,103.871432
Ang Chye Suan,37 Tannery Lane,1.3284757,103.8771554
9 Plus Cafe Pte Ltd,2 Soon Wing Road,1.3275473,103.8795565
Teo Lay Eng (Zhang Liying),177 Macpherson Road,1.3302441,103.8751794
Food Aspiration Pte Ltd,179 Macpherson Road,1.3302726,103.8752453
Tan Siow Teng,29 Tai Thong Crescent,1.3290223,103.8697174
New Century Food Place Pte Ltd,5 Kallang Place,1.3172999,103.8675623
"Kallang Place Food Centre Pte
Ltd",26A Kallang Place,1.315908,103.8669864
351 Kopitiam Pte Ltd,236.238 Geylang Road,1.3133306,103.8832876
"Blk 69 Geylang Bahru Market &
Food Centre",69 Geylang Bahru,1.3214541,103.8701068
Pin Yu Xuan Pavilion Pte Ltd,66 Kallang Bahru,1.3206451,103.8697973
Guan Shuzhen,68 Geylang Bahru,1.322333,103.8700432
Food Cheery Pte Ltd,63 Kallang Bahru,1.3210265,103.8683188
"Blk 17 Upper Boon Keng Market
& Food Centre","17 Upper Boon Keng
Road",1.3150436,103.8717193
Ho Bee Cafe Pte Ltd,"11 Upper Boon Keng
Road",1.3141813,103.8706845
"Chang Cheng Mee Wah Food
Ind Pte Ltd","5 Upper Boon Keng
Road",1.31267,103.8726211
"Chang Cheng Mee Wah
Holdings Pte Ltd","5 Upper Boon Keng
Road",1.31267,103.8726211
He-Brew Coffee House Pte Ltd,205 Sims Avenue,1.3147975,103.8804411
Victoria Impex Pte Ltd,433.435 Geylang Road,1.3133306,103.8832876
Choong Chee Seng,258 Geylang Road,1.3122695,103.8782809
Lim Choon Eng,314 Geylang Road,1.3125425,103.8796893
Ang Meow Loke,346 Geylang Road,1.312702,103.8806814
Ser Seng Huat,364 Geylang Road,1.3127769,103.8812822
Ser Seng Huat,134 Sims Avenue,1.314259,103.8786622
Ye Xiande,146 Sims Avenue,1.3142832,103.8789956
Chan Kow Chai,114 Sims Avenue,1.3139502,103.8779396
V Eating House Private Limited,38 Geylang Lorong 11,1.313697,103.876851
Sp53 Food Paradise Pte Ltd,53 Sims Place,1.3182327,103.8800122
Loh Nyet Fah,45 Sims Place,1.3181835,103.8795952
Foo Jong Peng,45 Sims Place,1.3181835,103.8795952
Sims Vista Market & Food Centre,49 Sims Place,1.3170535,103.8793293
"Sims Vista Market & Food
Centre",49 Sims Place,1.3170535,103.8793293
Koh Chong Hin,51 Guillemard Road,1.309811,103.878485
OBH F&B P/L,"211 Toa Payoh Lorong
8",1.3404348,103.8537715
Tay Cheng Siong,"120 Potong Pasir
Avenue 1",1.3357596,103.8634995
Thian Tor Cheng,"137 Potong Pasir
Avenue 3",1.3338078,103.8658773
Poh Chin Choon Jonathan,"136 Potong Pasir
Avenue 3",1.3340615,103.8666
Kimly Food Holdings Pte Ltd,"146 Potong Pasir
Avenue 1",1.3313844,103.8672818
"210 Toa Payoh Lor 8 Market &
Hawker Centre","210 Toa Payoh Lorong
8",1.3370355,103.8598034
Yup Chang Hong,47 Tai Thong Crescent,1.3283878,103.8700248
"Moonstone Coffee House Ltd
Liability Partnership",41 Opal Crescent,1.327673,103.8662329
"Broadway Food Centre
(Holdings) P/L",147 Potong Pasir Ave 1,1.3318169,103.8679554
Berseh Food Centre,166 Jalan Besar,1.3074394,103.8568767
PC Cafe P/L,31 Kelantan Lane,1.306628,103.8566534
Gourmet Street (KC) P/L,27 Jalan Berseh,1.3066173,103.8577899
Tan Chee Ming,209 Jalan Besar,1.3089865,103.8574525
Teng Ah Khong,16 Verdun Road,1.3100799,103.8563115
Lin Jian Zhong,290 Jalan Besar,1.3107278,103.8588865
"Broadway Food Centre
(Holdings) P/L",100 Tyrwhitt Road,1.3096411,103.8601008
Chang Cheng F&B P/L,"803 King George's
Avenue",1.3085119,103.8612217
"Tan Kok Keong (Chen
GuoQiang)",808 French Road,1.3086649,103.8615725
Lim Keng Kwang,30 Foch Road,1.3124383,103.8603487
Thiah Geok Tee,566 Serangoon Road,1.314407,103.857743
Teng Ah Khong,12 Verdun Road,1.310046,103.8563683
Hua Zai Eating House P/L,802 French Road,1.3074882,103.8601716
"North Bridge Road Market &
Food Centre",861 North Bridge Road,1.3057224,103.8639278
Tay Swee Keong,10 North Bridge Road,1.3056158,103.8635202
Tang Chay Seng,465 Crawford Lane,1.3052406,103.8626516
Sie Fong Lan,18 Jalan Sultan,1.3032801,103.8626198
Lee Sow Foong,10 North Bridge Road,1.3056158,103.8635202
Koh JinXian Kenneth,462 Crawford Lane,1.3045349,103.8610712
Hi 5 PL,65 Dunlop Street,1.3049953,103.8534697
Hi 5 P/L,65 Dunlop Street,1.3049953,103.8534697
Sim Eng Hwa,43 Jalan Besar,1.3046994,103.8547117
Gui Poh Chon,638 Veerasamy Road,1.3071751,103.8553449
465 Food Court P/L,465 North Bridge Road,1.3053175,103.8628675
Yishun Park Hawker Centre,51 Yishun Avenue 11,1.4249457,103.8447228
"Boon Lay Place Market & Food
Village",221A.B Boon Lay Place,1.3142556,103.7093099
Pure Coffee House Pte Ltd,221 Boon Lay Place,1.3462076,103.7124343
Koh Peck Chong,221 Boon Lay Place,1.3462076,103.7124343
"Bukit Timah Market Food
Centre","51 Upper Bukit Timah
Road",1.3393075,103.7760632
Bukit Timah Market Food Centre,51 Upper Bukit Timah Road,1.3393075,103.7760632
7th Mile Coffee PL,18 Toh Yi Drive,1.3400088,103.772785
Poh Chye Sing,19 Toh Yi Drive,1.3399736,103.773892
Adam Road Food Centre,2 Adam Road,1.3241822,103.8141863
Kerk Teck Sim,1 Binjai Park,1.335808,103.786492
"Empress Road Market Food
Centre",7 Empress Road,1.3163893,103.8057652
Kopitown PL,10E Sixth Ave,1.3309463,103.7949868
Wu Poh Wah,12 Sixth Avenue,1.3309208,103.7950629
Yin Siew Mee,24 Sixth Avenue,1.3305796,103.7949332
"Kim San Leng Food Ctr(Bukit
Timah)LLP",887 Bukit Timah Road,1.332742,103.790932
New Century Cafe Pte Ltd,19 Ghim Moh Road,1.3115263,103.7883466
"Lee Quan (Hai Zhong Bao) Pte
Ltd",25 Ghim Moh Link,1.3081737,103.7862821
Chua Kok Tiew,19A Dover Crescent,1.307027,103.7848028
7 Stars (28) Pte Ltd,28 Dover Crescent,1.3047491,103.7817003
Hong Kok Huat,34 Jalan Bukit Ho Swee,1.2881222,103.827015
Ting Lay Khin,40 Beo Crescent,1.2891435,103.8274678
SF Investment Holding Pte Ltd,51 Havelock Road,1.2898359,103.8278754
Pure Coffee House Pte Ltd,22 Havelock Road,1.2886261,103.8293258
Lim Jiu Keen,313 Outram Road,1.2871692,103.8346657
Ong Wai Kwong,34 Upper Cross Street,1.2861551,103.8422545
Pearl's Hill 34 Pte Ltd,34 Upper Cross Street,1.2861551,103.8422545
Chinatown Complex Market,335 Smith Street,1.2819435,103.8433995
People's Park Food Centre,32 New Market Road,1.2847915,103.8424432
Lim Wong Kee,265 New Bridge Road,1.2825238,103.8424326
Telok Blangah FC,79 Telok Blangah Drive,1.2733181,103.8076065
YT Food PL,"78A Telok Blangah St
32",1.2735039,103.8090393
65 Brew Coffee PL,65 Telok Blangah Drive,1.2741756,103.8104415
Jia Jia Coffeeshop PL,"61 Telok Blangah
Heights",1.2758428,103.81204
Lao Zi Hao Kopitiam PL,46 Telok Blangah Drive,1.2717576,103.809868
Yue Hua Eating House,118 Depot Lane,1.2815895,103.8127601
"Market Street Interim Hawker
Centre",5 Cross Street,1.2819246,103.8485734
Quality Road Food Centre,45 Quality Road,1.3332629,103.7105216
Wang Siew Chuen,20 Neythal Road,1.3251434,103.699525
Gourmet Street (210) Pte Ltd,27 Pioneer Road North,1.3264753,103.6961461
Chan Ah Kiau,2 Third Lok Yang Road,1.3250449,103.6899909
109 Coffee F&B Pte Ltd,511 Upper Jurong Road,1.3294921,103.6821887
Kimly Food Holdings Pte Ltd,41 Joo Koon Road,1.3254926,103.6693172
Kimly Food Holdings Pte Ltd,651 Jurong West St 61,1.3369176,103.6972208
JTC Corporation,29A Jurong Port Road,1.3157359,103.7202072
"A&S Investment Holdings Pte
Ltd",28 Penjuru Close,1.3135487,103.7314034
Chang Cheng Mee Wah Pte Ltd,49 Teban Gardens,1.3210354,103.7381933
Toh Kim Bok,54 Teban Gardens,1.3213935,103.736888
Maxwell Food Centre,1 Kadayanallur Street,1.2802419,103.8449058
Amoy Street Food Centre,7 Maxwell Road,1.2794012,103.8467008
Ayer Rajah Food Centre,503 West Coast Drive,1.3118695,103.7597825
SF Investment Holding Pte Ltd,501 West Coast Drive,1.3115906,103.758777
"Food Paradise Enterprise Pte
Ltd",516 West Coast Road,1.3082102,103.7604373
603 Foodcout LLP,603 Clementi West St 1,1.3049468,103.7672112
"Weng Wang (West Point) Pte
Ltd",710 Clementi West St 2,1.3059587,103.7612251
Gourmet Street / (CW) Pte Ltd,710 Clementi West St 2,1.3059587,103.7612251
Sin Thor Bak Kut Teh Pte Ltd,713 Clementi West St 2,1.3040621,103.762272
"New Century Food House@721
Pte Ltd",721 Clementi West St 2,1.3024407,103.7643542
Pure Coffee House Pte Ltd,727 Clementi West St 2,1.3041998,103.763811
Oh Lam Seng,"37 Teban Gardens
Road",1.3205098,103.7426296
Badaling Holdings Pte Ltd,416 Pandan Gardens,1.3210363,103.7483278
Hong XinLong,101 Pandan Loop,1.3111514,103.7541273
Goh Sin Chien Alvin,11 Pandan Crescent,1.3019802,103.7592262
Cu Mr Food Station Pte Ltd,107 Clementi St 12,1.322259,103.769978
Lei Yuen Coffee & Tea Pte Ltd,308 Clementi Avenue 4,1.3146043,103.7635177
SF Investment Holdings Pte Ltd,308 Clementi Avenue 4,1.3146043,103.7635177
Hong Lim Food Centre,"531A Upper Cross
Street",1.2853166,103.8458369
Hong Lim Food Centre,531A Upper Cross Street,1.2853166,103.8458369
"Hi-Five Restaurant & Catering
Pte Ltd",14 Tech Park Crescent,1.310726,103.630198
The Cafe Lobby (SK) Pte Ltd,21 Tuas Avenue 13,1.3223203,103.6402087
Tuas Kampong Pte Ltd,29 Tuas West Avenue,1.3318788,103.6382052
Secondlink Food Centre Pte Ltd,71 Pioneer Road,1.3171531,103.6522477
Food Prints Investments Pte Ltd,71 Pioneer Road,1.3171531,103.6522477
Chong Hock Pte Ltd,71 Tuas Avenue 1,1.329686,103.652505
Yong Poh Seng,10 Tuas Avenue 3,1.3215894,103.6567176
"Broadway Food Centre
(Holdings) Pte Ltd",60 Gul Lane,1.3140925,103.6622262
Broadway Food Centre (Holdings) Pte Ltd,60 Gul Lane,1.3140925,103.6622262
3838 Hot & Cold  Beverage PL,269 Queen Street,1.3005734,103.8541054
WTL 261 Food House Pte Ltd,261 Waterloo Street,1.2989163,103.8519697
Ding Xin (2016) Pte Ltd,3 Coleman Street,1.2918776,103.8500267
"Albert Centre Market & Food
Centre",270 Queen Street,1.3009888,103.8540985
QS 269 Food House,269 Queen Street,1.3005734,103.8541054
Sim Hwee Siew,"51A Ayer Rajah
Crescent",1.2935715,103.78859
Kopitiam Investment PL,1 Wholesale Centre,1.2853884,103.778933
Par Shi Eating House LLP,"83.85 Pasir Panjang
Road",1.2811403,103.7845139
Shee Poon Cheng,97  Pasir Panjang Road,1.2748796,103.7950091
Jagjit Dhaba Pte Ltd,12.13 Pahang Street,1.3020864,103.861171
Tan Tian Tee,341 Beach Road,1.3015128,103.8614178
Ng Thian Hoo,149 Rochor Road,1.3017128,103.8546024
Seng Huat Coffee House Pte Ltd,"492.494 North Bridge
Road",1.2947532,103.8528602
Marina (Gu) Pte Ltd,15 Phillip Street,1.2844777,103.8496281
Eden Garden Cafe Pte Ltd,121 Telok Ayer Street,1.2812571,103.8480068
Teo Ngak Chai,5 Banda Street,1.2803559,103.8426812
BK Eating House (2017) Pte Ltd,21 South Bridge Road,1.2878882,103.8486915
Golden Mile Food Centre,505 Beach Road,1.3030908,103.8639299
Nice Cafe LLP,101 Bukit Panjang Road,1.3812665,103.7648227
Wu Fu (Fajar) Pte Ltd,445 Fajar Road,1.383602,103.7710299
Kopitiam Investment Pte Ltd,628 Senja Road,1.3850812,103.7602804
Badaling Holdings Pte Ltd,257 Bangkit Road,1.3785841,103.7729208
Koh Kai Hock,"259 Bukit Panjang Ring
Road",1.3773085,103.7730453
"Kim San Leng (Bukit Panjang)
Pte Ltd","259 Bukit Panjang Ring
Road",1.3773085,103.7730453
CU Mr Food Station Pte Ltd,8 Pending Road,1.376001,103.770687
Ocean Group Pte Ltd,103 Gangsa Road,1.3787363,103.7685302
"Cheah Heng Eating House Pte
Ltd",117 Pending Road,1.3773339,103.7679913
Peh Oon Kee,163A Gangsa Road,1.3768835,103.7643089
Ho Pin Hng Coffee Shop,40 Beo Crescent,1.2891435,103.8274678
Realty Eating House,15 Enggor Street,1.2740967,103.8441783
Kopitiam Investment Pte Ltd,275D Compassvale Link,1.3827822,103.8940567
Koh Teck Chong,266 Compassvale Bow,1.3820636,103.8971342
Koufu Pte Ltd,267 Compassvale Link,1.3831492,103.897522
Perfect 12 Pte Ltd,"205D Compassvale
Lane",1.386198,103.897542
Cu Mr Food Station Pte Ltd,"182A Rivervale
Crescent",1.3903938,103.9089432
Renaissance Properties Pte Ltd,10 Sengkang Square,1.391524,103.8936224
"NTUC Foodfare Co-operative
Ltd",273C Punggol Place,1.4022707,103.9013943
GM Food Centre Pte Ltd,198 Punggol Field,1.399461,103.9063383
Kopitiam Investment Pte Ltd,108 Punggol Field,1.3966546,103.9086654
Kopitiam Investment Pte Ltd,639 Punggol Drive,1.3994412,103.9160409
Koufu Pte Ltd,622D Punggol Central,1.4005291,103.9104572
Fu Chan F&B Pte Ltd,301 Punggol Central,1.4035047,103.9059745
Fu Chan F&B P/L,301 Punggol Central,1.4035047,103.9059745
"Broadway Food Centre
(Holdings) Pte Ltd",612 Punggol Drive,1.4048492,103.9085399
Serangoon Garden Market,"49A Serangoon Garden
Way",1.3630929,103.8666457
Ang Siew Lay,"965.969 Upper
Serangoon Rd",1.3576174,103.8824871
"Yong May Food & Beverages
Pte Ltd","941 Upper Serangoon
Rd",1.3613927,103.8861055
Heng Tat Catering Pte Ltd,"1014 Upper Serangoon
Rd",1.3576174,103.8824871
7 Stars (23) Pte Ltd,23 Hougang Ave 3,1.3648919,103.8907921
105 Hainanese Village Centre,105 Hougang Ave 1,1.3541539,103.8899538
HG 106 Food Place Pte Ltd,106 Hougang Ave 1,1.3537609,103.8905848
"S-11 Cheong Lok F7B Holdings
PL",107 Hougang Ave 1,1.353425,103.890682
Wu Poh Wah,118 Hougang Ave 1,1.3534602,103.8874975
Food Place @ 121 Pte Ltd,121 Hougang Ave 1,1.3538223,103.8869856
Jin Xin Yuan Pte Ltd,134 Lorong Ah Soo,1.3505308,103.8865051
Food Loft (159) Pte Ltd,159A Hougang St 11,1.3518937,103.8795195
"Hougang Kovan Market & Food
Centre",209 Hougang St 21,1.3591697,103.8862162
7 Stars (210) Pte Ltd,210 Hougang St 21,1.3590672,103.8874352
Lee Qian Ying,212 Hougang St 21,1.3594369,103.8882429
Meetup @ 203 Pte Ltd,203 Hougang St 21,1.3581182,103.8844493
Goh Lim Hua,309 Hougang Ave 5,1.3661846,103.8951417
Tan Eng Tiong,246 Hougang St 22,1.3586897,103.891446
Ang Keng Teng,4 Defu Lane 10,1.3596202,103.8951083
Neo Eng Lai,21 Defu Lane 10,1.3548889,103.8935743
Tay Liang Choon,32 Defu Lane 10,1.3510823,103.8918342
Kpt Kopitiam (Hougang) Pte Ltd,401 Hougang Ave 10,1.3748264,103.8969567
HG 805 F&B Pte Ltd,805 Hougang Central,1.3706469,103.8943575
Wu Fu (Hougang) Pte Ltd,511 Hougang Ave 10,1.3743363,103.8878447
Hougang Food Delicacy Pte Ltd,524 Hougang Ave 6,1.3741537,103.8906709
Keppel Employees Union,51 Pioneer Sector 1,1.3010997,103.6552839
Ng Chu Kim,32 Pioneer Sector 2,1.3062707,103.6574586
Soh Swee Kwai,1 Shipyard Crescent,1.3033026,103.6849157
Kopitiam Investment Pte Ltd,2 Benoi Place,1.3131962,103.6791986
Kian Teck Eating House P/L,4 Kian Teck Ave,1.3287478,103.6937999
Yi Jia Bakery & Cafe Pte Ltd,1 Segar Rd,1.3867202,103.7715202
Cheng Chang Tong,"794 Upper Bukit Timah
Rd",1.3729447,103.7632466
"Rasa Rasa @ Yishun Restaurant
Pte Ltd",348 Yishun Ave 11,1.4265352,103.8427667
C&T Cafe Pte Ltd,704 Bedok Reservoir Rd,1.3365083,103.9202791
Koufu Pte Ltd,739 Bedok Reservoir Rd,1.3378796,103.922568
Chomp Chomp Food Centre,"20 Kensington Park
Road",1.3642662,103.8665583
Kim Heng Cafe Pte Ltd,214 Serangoon Ave 4,1.3573245,103.8736208
Chong Ha Moy,151 Lorong Chuan,1.3515367,103.8621252
Quek Joyna,"107 Serangoon North
Ave 1",1.3698324,103.8701418
Leow Zhao Wei,322 Hougang Ave 5,1.367129,103.8971851
"881 Hougang Food House Pte
Ltd",327 Hougang Ave 5,1.3684365,103.8958215
Badaling Holdings Pte Ltd,703 Hougang Ave 2,1.3653818,103.8895623
Coffee & Tea Pte Ltd,"151 Serangoon North
Ave 2",1.3695973,103.8742136
Lee Guan Peng,"151A Serangoon North
Ave 2",1.3690964,103.8726749
Xun Wei Pte Ltd,"153A Serangoon North
Ave 1",1.3698975,103.8719745
Xun Wei Pte Ltd,153A Serangoon North Ave 1,1.3698975,103.8719745
Ng Han Keow,"147 Serangoon North
Ave 1",1.3684886,103.8726062
Blk 538 Bedok North St 3,538 Bedok North St 3,1.3318127,103.9248711
"New Century Food House @
539 Pte Ltd",539 Bedok North St 3,1.3315795,103.9247462
Chia Choon Kee,531 Bedok North St 3,1.3333414,103.9259485
"Kaki Bukit 511 Market & Food
Centre",511 Bedok North St 3,1.3336776,103.9296899
GHK @ 508 Bedok Pte Ltd,509 Bedok North St 3,1.3337795,103.9308753
Tong Tai Teck,510 Bedok North St 3,1.3322416,103.9310472
Food Joy Services LLP,515 Bedok North Ave 2,1.3318735,103.9299905
"Shaik Abdul Kader Al-Jailani
Makan Place Pte Ltd",527 Bedok North St 3,1.3338375,103.9284117
Chua Lai Wan,"151 Bedok Reservoir
Road",1.3357176,103.9116652
Chong Ching Tay,61 Kaki Bukit Ave 1,1.3372029,103.9105819
K61 Coffee Station Pte Ltd,61 Kaki Bukit Ave 1,1.3372029,103.9105819
302 Food Paradise Pte Ltd,1 Kaki Bukit Ave 6,1.340927,103.9120159
Lee Tong Lam,1 Kaki Bukit Ave 3,1.3369189,103.9056799
"630 Bedok Reservoir Road
Market & Food Centre",630 Bedok Reservoir Rd,1.3330218,103.914136
BR 631 DKS Pte Ltd,631 Bedok Reservoir Rd,1.3332324,103.9148241
Ratinasari Coffee House Pte Ltd,136 Bedok Reservoir Rd,1.333551,103.913488
Koh Peck Chong,121 Bedok Reservoir Rd,1.3313608,103.9099329
KPT (JT) Pte Ltd,651A Jalan Tenaga,1.332588,103.907147
Havelock Cooked Food Centre,22A.B Havelock Road,1.2890035,103.8359745
Beo Crescent Market,38A Beo Crescent,1.2889614,103.827332
Ghim Moh Mkt & Food Centre,20 Ghim Moh Rd,1.3111246,103.7882108
Mr Teh Tarik Cartel P/L,625 Elias Road,1.3786144,103.9420438
623 F&B Pte Ltd,623 Elias Road,1.3786806,103.9421496
Kopitiam Investment P/L,735 Pasir Ris St 72,1.3797473,103.9363331
Lim Seng Huat,4A Loyang Lane,1.3715497,103.9702261
Food Canopy PL,1 Pasir Ris Dr 4,1.3684053,103.9594851
KPT (PR44) PL,440 Pasir Ris Dr 4,1.369054,103.958769
Coffee Express 2000 PL,443 Pasir Ris Dr 6,1.3692862,103.9573534
Ng Kah Keng,444 Pasir Ris Dr 6,1.369368,103.9573551
Fu Fa Coffeeshop PL,446 Pasir Ris Dr 6,1.3704673,103.9572734
"Teban Gardens Market & Food
Centre","37A Teban Garden
Road",1.3208952,103.7427647
West Coast Market Square,726 Clementi West St 2,1.3037847,103.7642661
Kopitiam Investment Pte Ltd,19 Ghim Moh Road,1.3115263,103.7883466
Kopitiam - Lau Pa Sat Festival Market,18 Raffles Quay,1.2806364,103.8504037
"Kopitiam - Lau Pa Sat Festival
Market",18 Raffles Quay,1.2806364,103.8504037
Timbre+,"73A Ayer Rajah
Crescent",1.297437,103.7875057
Timbre+,73A Ayer Rajah Crescent,1.297437,103.7875057
Kukoh 21 Food Centre,1 Jalan Kukoh,1.2881765,103.8398758
Lee Serh Kwang,71 Pioneer Road,1.3171531,103.6522477
Pasir Ris Central Hawker Centre,110 Pasir Ris Central,1.3734535,103.9515571
